{
    "leafletmap": {
        "label": "LeafletMap",
        "fields": [
            {
                "name": "location",
                "label": "Location",
                "type": "location",
                "default": "",
                "info": "",
                "group": "",
                "localize": false,
                "options": {
                    "zoom": 13
                },
                "width": "1-1",
                "lst": true,
                "acl": [],
                "required": true
            },
            {
                "name": "zoom",
                "label": "Zoom",
                "type": "select",
                "default": "",
                "info": "",
                "group": "",
                "localize": false,
                "options": {
                    "options": "0,1,2,3,4,5,6,7,8,9,10,11,12,13,14,15,16,17,18",
                    "value": 13
                },
                "width": "1-1",
                "lst": true,
                "acl": []
            },
            {
                "name": "marker",
                "label": "Marker",
                "type": "wysiwyg",
                "default": "",
                "info": "",
                "group": "",
                "localize": false,
                "options": [],
                "width": "1-1",
                "lst": true,
                "acl": []
            }
        ],
        "group": "Common"
    },
    "BigHero": {
        "label": "Big Hero",
        "fields": [
            {
                "name": "title",
                "label": "Title",
                "type": "text",
                "default": "",
                "info": "",
                "group": "",
                "localize": false,
                "options": [],
                "width": "1-1",
                "lst": true,
                "acl": []
            },
            {
                "name": "subtitle",
                "label": "Sub Title",
                "type": "text",
                "default": "",
                "info": "",
                "group": "",
                "localize": false,
                "options": [],
                "width": "1-1",
                "lst": true,
                "acl": []
            },
            {
                "name": "bgimage",
                "label": "Background Image",
                "type": "asset",
                "default": "",
                "info": "",
                "group": "",
                "localize": false,
                "options": {
                    "tags": "BigHero",
                    "styles": [
                        "BigHero"
                    ]
                },
                "width": "1-1",
                "lst": true,
                "acl": []
            },
            {
                "name": "heroimage",
                "label": "Hero Image",
                "type": "asset",
                "default": "",
                "info": "",
                "group": "",
                "localize": false,
                "options": [],
                "width": "1-1",
                "lst": true,
                "acl": []
            },
            {
                "name": "herovideo",
                "label": "Embeded Video URL",
                "type": "text",
                "default": "",
                "info": "",
                "group": "",
                "localize": false,
                "options": [],
                "width": "1-1",
                "lst": true,
                "acl": []
            }
        ],
        "group": "Banners"
    },
    "PageBanner": {
        "label": "Simple Page Banner",
        "fields": [
            {
                "name": "title",
                "label": "Title",
                "type": "text",
                "default": "",
                "info": "",
                "group": "",
                "localize": false,
                "options": [],
                "width": "1-1",
                "lst": true,
                "acl": []
            },
            {
                "name": "summary",
                "label": "Summary",
                "type": "textarea",
                "default": "",
                "info": "",
                "group": "",
                "localize": false,
                "options": [],
                "width": "1-1",
                "lst": true,
                "acl": []
            }
        ],
        "group": "Banners"
    },
    "SectionDivider": {
        "label": "Section Divider",
        "fields": [
            {
                "name": "title",
                "label": "Title",
                "type": "text",
                "default": "",
                "info": "",
                "group": "",
                "localize": false,
                "options": [],
                "width": "1-1",
                "lst": true,
                "acl": [],
                "required": true
            },
            {
                "name": "subtitle",
                "label": "Summary",
                "type": "text",
                "default": "",
                "info": "",
                "group": "",
                "localize": false,
                "options": [],
                "width": "1-1",
                "lst": true,
                "acl": []
            },
            {
                "name": "linktext",
                "label": "Text",
                "type": "text",
                "default": "",
                "info": "",
                "group": "",
                "localize": false,
                "options": [],
                "width": "1-2",
                "lst": true,
                "acl": []
            },
            {
                "name": "linkurl",
                "label": "Url",
                "type": "text",
                "default": "",
                "info": "",
                "group": "",
                "localize": false,
                "options": [],
                "width": "1-2",
                "lst": true,
                "acl": []
            }
        ],
        "group": "Common"
    },
    "BlogPosts": {
        "label": "Blog Posts",
        "fields": [
            {
                "name": "max",
                "label": "Max number of posts (0 to all)",
                "type": "select",
                "default": "",
                "info": "",
                "group": "",
                "localize": false,
                "options": {
                    "options": "0, 3,6,9,12,15,18,21"
                },
                "width": "1-1",
                "lst": true,
                "acl": [],
                "required": true
            },
            {
                "name": "cols",
                "label": "Number of columns ",
                "type": "select",
                "default": "",
                "info": "Only used on large displays",
                "group": "",
                "localize": false,
                "options": {
                    "options": "3,4"
                },
                "width": "1-1",
                "lst": true,
                "acl": [],
                "required": true
            }
        ],
        "group": "Common"
    },
    "PageBannerMedia": {
        "label": "Page Banner Background",
        "fields": [
            {
                "name": "title",
                "label": "Title",
                "type": "text",
                "default": "",
                "info": "",
                "group": "",
                "localize": false,
                "options": [],
                "width": "1-1",
                "lst": true,
                "acl": []
            },
            {
                "name": "summary",
                "label": "Summary",
                "type": "textarea",
                "default": "",
                "info": "",
                "group": "",
                "localize": false,
                "options": {
                    "rows": 2
                },
                "width": "1-1",
                "lst": true,
                "acl": []
            },
            {
                "name": "image",
                "label": "Image",
                "type": "asset",
                "default": "",
                "info": "",
                "group": "",
                "localize": false,
                "options": {
                    "styles": [
                        "PageBannerMedia",
                        "PageBanner"
                    ]
                },
                "width": "1-1",
                "lst": true,
                "acl": []
            },
            {
                "name": "height",
                "label": "Banner Height",
                "type": "select",
                "default": "",
                "info": "",
                "group": "",
                "localize": false,
                "options": {
                    "options": "large, small"
                },
                "width": "1-1",
                "lst": true,
                "acl": [],
                "required": true
            }
        ],
        "group": "Banners"
    },
    "Form": {
        "label": "Form",
        "fields": [
            {
                "name": "form",
                "label": "Cockpit Form Id",
                "type": "text",
                "default": "",
                "info": "",
                "group": "",
                "localize": false,
                "options": [],
                "width": "1-1",
                "lst": true,
                "acl": [],
                "required": true
            },
            {
                "name": "header",
                "label": "Header text",
                "type": "textarea",
                "default": "",
                "info": "",
                "group": "",
                "localize": false,
                "options": {
                    "rows": 2
                },
                "width": "1-1",
                "lst": true,
                "acl": []
            },
            {
                "name": "footer",
                "label": "Footer Text",
                "type": "textarea",
                "default": "",
                "info": "",
                "group": "",
                "localize": false,
                "options": {
                    "rows": 2
                },
                "width": "1-1",
                "lst": true,
                "acl": []
            }
        ],
        "group": "Common"
    },
    "CodeBlock": {
        "label": "Code Block",
        "fields": [
            {
                "name": "code",
                "label": "Code Snippet",
                "type": "code",
                "default": "",
                "info": "",
                "group": "",
                "localize": false,
                "options": [],
                "width": "1-1",
                "lst": true,
                "acl": [],
                "required": true
            },
            {
                "name": "language",
                "label": "Code Language",
                "type": "text",
                "default": "",
                "info": "E.g. php, javascript, python, ruby, java",
                "group": "",
                "localize": false,
                "options": [],
                "width": "1-1",
                "lst": true,
                "acl": []
            }
        ],
        "group": "Common"
    },
    "Video": {
        "label": "Video",
        "fields": [
            {
                "name": "url",
                "label": "Video URL",
                "type": "text",
                "default": "",
                "info": "Use a embed url from Youtube, Vimeo, Facebook, Twitter, etc..",
                "group": "",
                "localize": false,
                "options": [],
                "width": "1-1",
                "lst": true,
                "acl": [],
                "required": true
            },
            {
                "name": "autoplay",
                "label": "Autoplay",
                "type": "boolean",
                "default": "",
                "info": "",
                "group": "",
                "localize": false,
                "options": [],
                "width": "1-1",
                "lst": true,
                "acl": []
            }
        ],
        "group": "Media"
    },
    "CustomImage": {
        "label": "Custom Image",
        "fields": [
            {
                "name": "title",
                "label": "Title (alt attribute)",
                "type": "text",
                "default": "",
                "info": "",
                "group": "",
                "localize": false,
                "options": [],
                "width": "1-1",
                "lst": true,
                "acl": [],
                "required": true
            },
            {
                "name": "asset",
                "label": "Asset",
                "type": "asset",
                "default": "",
                "info": "",
                "group": "",
                "localize": false,
                "options": {
                    "styles": [
                        "Image",
                        "Square"
                    ]
                },
                "width": "1-1",
                "lst": true,
                "acl": [],
                "required": true
            },
            {
                "name": "style",
                "label": "Image Style",
                "type": "select",
                "default": "",
                "info": "",
                "group": "",
                "localize": false,
                "options": {
                    "options": "Image, Square, Logo"
                },
                "width": "1-1",
                "lst": true,
                "acl": [],
                "required": true
            }
        ],
        "group": "Media"
    },
    "SubPages": {
        "label": "Sub Pages Container",
        "fields": [
            {
                "name": "title",
                "label": "",
                "type": "text",
                "default": "",
                "info": "",
                "group": "",
                "localize": false,
                "options": [],
                "width": "1-1",
                "lst": true,
                "acl": [],
                "required": false
            }
        ],
        "group": "Common"
    },
    "CustomCarousel": {
        "label": "Custom Carousel",
        "fields": [
            {
                "name": "items",
                "label": "Carousel Item",
                "type": "repeater",
                "default": "",
                "info": "",
                "group": "",
                "localize": false,
                "options": {
                    "field": {
                        "type": "set",
                        "label": "Item",
                        "options": {
                            "fields": [
                                {
                                    "name": "text",
                                    "type": "text",
                                    "label": "Title"
                                },
                                {
                                    "name": "summary",
                                    "type": "textarea",
                                    "label": "Summary",
                                    "options": {
                                        "rows": 3
                                    }
                                },
                                {
                                    "name": "carousel_image",
                                    "type": "asset",
                                    "label": "Image",
                                    "options": {
                                        "styles": [
                                            "Carousel"
                                        ]
                                    }
                                }
                            ]
                        }
                    }
                },
                "width": "1-1",
                "lst": true,
                "acl": [],
                "required": true
            }
        ],
        "group": "Common"
    },
    "CollectionCarousel": {
        "label": "Collection Carousel",
        "fields": [
            {
                "name": "items",
                "label": "Collection items",
                "type": "collectionlink",
                "default": "",
                "info": "",
                "group": "",
                "localize": false,
                "options": {
                    "link": "post",
                    "display": "title",
                    "multiple": true,
                    "limit": 15,
                    "options": {
                        "name": "title",
                        "summary": "summary",
                        "image": "image"
                    }
                },
                "width": "1-1",
                "lst": true,
                "acl": []
            }
        ],
        "group": "Common"
    },
    "Card": {
        "label": "Card",
        "fields": [
            {
                "name": "title",
                "label": "Card Title",
                "type": "text",
                "default": "",
                "info": "",
                "group": "",
                "localize": false,
                "options": [],
                "width": "1-1",
                "lst": true,
                "acl": [],
                "required": true
            },
            {
                "name": "subtitle",
                "label": "Sub Title",
                "type": "text",
                "default": "",
                "info": "",
                "group": "",
                "localize": false,
                "options": [],
                "width": "1-1",
                "lst": true,
                "acl": []
            },
            {
                "name": "text",
                "label": "Text",
                "type": "textarea",
                "default": "",
                "info": "",
                "group": "",
                "localize": false,
                "options": {
                    "rows": 2
                },
                "width": "1-1",
                "lst": true,
                "acl": [],
                "required": true
            },
            {
                "name": "link_text",
                "label": "Button Text",
                "type": "text",
                "default": "",
                "info": "",
                "group": "",
                "localize": false,
                "options": [],
                "width": "1-1",
                "lst": true,
                "acl": []
            },
            {
                "name": "link_url",
                "label": "Button Link",
                "type": "text",
                "default": "",
                "info": "",
                "group": "",
                "localize": false,
                "options": [],
                "width": "1-1",
                "lst": true,
                "acl": []
            },
            {
                "name": "card_image",
                "label": "Image",
                "type": "asset",
                "default": "",
                "info": "",
                "group": "",
                "localize": false,
                "options": {
                    "styles": [
                        "Card"
                    ]
                },
                "width": "1-1",
                "lst": true,
                "acl": []
            }
        ],
        "group": "Common"
    }
}